round_index,phase,recommendations_shown_in_run,phase_recommendations_eligible,scenario_id,starting_city_for_round,n_orders,order_ids,orders_detail,n_distinct_stores,n_distinct_cities,menu_layout,max_bundle,store_overlap_realized,generator_city_rule,dispersion_designed,overlap_designed,trap_designed,trap_target_amount,intended_difficulty,oracle_bundle_ids,oracle_bundle_size,oracle_score,oracle_earnings,oracle_time_s,oracle_ending_city,second_best_bundle_ids,second_best_bundle_size,second_best_score,second_best_earnings,score_gap,relative_gap,max_overlap_savings_s,maxpay_bundle_ids,maxpay_bundle_size,maxpay_earnings,maxpay_score,payout_trap_present,trap_overpay_amount,trap_score_shortfall,trap_relative_shortfall,deployed_best_bundle_ids,recompute_matches_deployed_best,recompute_matches_deployed_second
1,A,False,False,mainGameScenario1,Berkeley,4,"[""mainGameOrder1"", ""mainGameOrder2"", ""mainGameOrder3"", ""mainGameOrder4""]","[{""id"": ""mainGameOrder1"", ""store"": ""Berkeley Bowl"", ""city"": ""Berkeley"", ""earnings"": 22, ""n_unique_items"": 2}, {""id"": ""mainGameOrder2"", ""store"": ""Berkeley Bowl"", ""city"": ""Berkeley"", ""earnings"": 22, ""n_unique_items"": 2}, {""id"": ""mainGameOrder3"", ""store"": ""Berkeley Bowl"", ""city"": ""Berkeley"", ""earnings"": 15, ""n_unique_items"": 2}, {""id"": ""mainGameOrder4"", ""store"": ""Sprouts Farmers Market"", ""city"": ""Oakland"", ""earnings"": 18, ""n_unique_items"": 2}]",2,2,dispersed,3,1,random_fair_target_city,True,False,False,,,"[""mainGameOrder1""]",1,2.037037,22.0,10.8,Berkeley,"[""mainGameOrder1"", ""mainGameOrder2""]",2,1.788618,44.0,0.248419,0.121951,3.0,"[""mainGameOrder1"", ""mainGameOrder2"", ""mainGameOrder3""]",3,59.0,1.676136,True,37.0,0.360901,0.177169,"[""mainGameOrder1""]",True,True
2,A,False,False,mainGameScenario2,Berkeley,4,"[""mainGameOrder5"", ""mainGameOrder6"", ""mainGameOrder7"", ""mainGameOrder8""]","[{""id"": ""mainGameOrder5"", ""store"": ""Berkeley Bowl"", ""city"": ""Berkeley"", ""earnings"": 24, ""n_unique_items"": 3}, {""id"": ""mainGameOrder6"", ""store"": ""Berkeley Bowl"", ""city"": ""Berkeley"", ""earnings"": 15, ""n_unique_items"": 3}, {""id"": ""mainGameOrder7"", ""store"": ""Berkeley Bowl"", ""city"": ""Berkeley"", ""earnings"": 15, ""n_unique_items"": 3}, {""id"": ""mainGameOrder8"", ""store"": ""Berkeley Bowl"", ""city"": ""Berkeley"", ""earnings"": 20, ""n_unique_items"": 2}]",1,1,compact,3,1,anchored_to_prev_best_city,True,False,False,,,"[""mainGameOrder8""]",1,1.851852,20.0,10.8,Berkeley,"[""mainGameOrder5"", ""mainGameOrder8""]",2,1.654135,44.0,0.197717,0.106767,5.4,"[""mainGameOrder5"", ""mainGameOrder7"", ""mainGameOrder8""]",3,59.0,1.520619,True,39.0,0.331233,0.178866,"[""mainGameOrder8""]",True,True
3,A,False,False,mainGameScenario3,Berkeley,4,"[""mainGameOrder9"", ""mainGameOrder10"", ""mainGameOrder11"", ""mainGameOrder12""]","[{""id"": ""mainGameOrder9"", ""store"": ""Berkeley Bowl"", ""city"": ""Berkeley"", ""earnings"": 15, ""n_unique_items"": 3}, {""id"": ""mainGameOrder10"", ""store"": ""Sprouts Farmers Market"", ""city"": ""Oakland"", ""earnings"": 23, ""n_unique_items"": 3}, {""id"": ""mainGameOrder11"", ""store"": ""Berkeley Bowl"", ""city"": ""Berkeley"", ""earnings"": 23, ""n_unique_items"": 3}, {""id"": ""mainGameOrder12"", ""store"": ""Berkeley Bowl"", ""city"": ""Berkeley"", ""earnings"": 16, ""n_unique_items"": 2}]",2,2,dispersed,3,1,random_fair_target_city,True,False,False,,,"[""mainGameOrder11""]",1,1.277778,23.0,18.0,Berkeley,"[""mainGameOrder11"", ""mainGameOrder12""]",2,1.25,39.0,0.027778,0.021739,3.6,"[""mainGameOrder9"", ""mainGameOrder11"", ""mainGameOrder12""]",3,54.0,1.216216,True,31.0,0.061562,0.048179,"[""mainGameOrder11""]",True,True
4,A,False,False,mainGameScenario4,Berkeley,4,"[""mainGameOrder13"", ""mainGameOrder14"", ""mainGameOrder15"", ""mainGameOrder16""]","[{""id"": ""mainGameOrder13"", ""store"": ""Berkeley Bowl"", ""city"": ""Berkeley"", ""earnings"": 17, ""n_unique_items"": 2}, {""id"": ""mainGameOrder14"", ""store"": ""Berkeley Bowl"", ""city"": ""Berkeley"", ""earnings"": 17, ""n_unique_items"": 2}, {""id"": ""mainGameOrder15"", ""store"": ""Berkeley Bowl"", ""city"": ""Berkeley"", ""earnings"": 20, ""n_unique_items"": 3}, {""id"": ""mainGameOrder16"", ""store"": ""Berkeley Bowl"", ""city"": ""Berkeley"", ""earnings"": 16, ""n_unique_items"": 3}]",1,1,compact,3,1,anchored_to_prev_best_city,True,False,False,,,"[""mainGameOrder14""]",1,1.734694,17.0,9.8,Berkeley,"[""mainGameOrder13"", ""mainGameOrder14"", ""mainGameOrder15""]",3,1.6875,54.0,0.047194,0.027206,3.6,"[""mainGameOrder13"", ""mainGameOrder14"", ""mainGameOrder15""]",3,54.0,1.6875,True,37.0,0.047194,0.027206,"[""mainGameOrder14""]",True,True
5,A,False,False,mainGameScenario5,Berkeley,4,"[""mainGameOrder17"", ""mainGameOrder18"", ""mainGameOrder19"", ""mainGameOrder20""]","[{""id"": ""mainGameOrder17"", ""store"": ""Sprouts Farmers Market"", ""city"": ""Oakland"", ""earnings"": 14, ""n_unique_items"": 2}, {""id"": ""mainGameOrder18"", ""store"": ""Safeway"", ""city"": ""Piedmont"", ""earnings"": 20, ""n_unique_items"": 3}, {""id"": ""mainGameOrder19"", ""store"": ""Sprouts Farmers Market"", ""city"": ""Oakland"", ""earnings"": 17, ""n_unique_items"": 2}, {""id"": ""mainGameOrder20"", ""store"": ""Safeway"", ""city"": ""Piedmont"", ""earnings"": 13, ""n_unique_items"": 2}]",2,2,dispersed,3,1,random_fair_target_city,True,False,False,,,"[""mainGameOrder17"", ""mainGameOrder19""]",2,0.918519,31.0,33.75,Oakland,"[""mainGameOrder18"", ""mainGameOrder20""]",2,0.841837,33.0,0.076682,0.083484,1.4,"[""mainGameOrder18"", ""mainGameOrder20""]",2,33.0,0.841837,True,2.0,0.076682,0.083484,"[""mainGameOrder17"", ""mainGameOrder19""]",True,True
6,A,False,False,mainGameScenario6,Oakland,4,"[""mainGameOrder21"", ""mainGameOrder22"", ""mainGameOrder23"", ""mainGameOrder24""]","[{""id"": ""mainGameOrder21"", ""store"": ""Sprouts Farmers Market"", ""city"": ""Oakland"", ""earnings"": 19, ""n_unique_items"": 3}, {""id"": ""mainGameOrder22"", ""store"": ""Sprouts Farmers Market"", ""city"": ""Oakland"", ""earnings"": 22, ""n_unique_items"": 2}, {""id"": ""mainGameOrder23"", ""store"": ""Sprouts Farmers Market"", ""city"": ""Oakland"", ""earnings"": 24, ""n_unique_items"": 2}, {""id"": ""mainGameOrder24"", ""store"": ""Sprouts Farmers Market"", ""city"": ""Oakland"", ""earnings"": 18, ""n_unique_items"": 2}]",1,1,compact,3,1,anchored_to_prev_best_city,True,False,False,,,"[""mainGameOrder22""]",1,2.146341,22.0,10.25,Oakland,"[""mainGameOrder22"", ""mainGameOrder23""]",2,1.936842,46.0,0.209499,0.097608,3.0,"[""mainGameOrder21"", ""mainGameOrder22"", ""mainGameOrder23""]",3,65.0,1.830986,True,43.0,0.315356,0.146927,"[""mainGameOrder22""]",True,True
7,A,False,False,mainGameScenario7,Oakland,4,"[""mainGameOrder25"", ""mainGameOrder26"", ""mainGameOrder27"", ""mainGameOrder28""]","[{""id"": ""mainGameOrder25"", ""store"": ""Sprouts Farmers Market"", ""city"": ""Oakland"", ""earnings"": 12, ""n_unique_items"": 3}, {""id"": ""mainGameOrder26"", ""store"": ""Target"", ""city"": ""Emeryville"", ""earnings"": 17, ""n_unique_items"": 3}, {""id"": ""mainGameOrder27"", ""store"": ""Sprouts Farmers Market"", ""city"": ""Oakland"", ""earnings"": 21, ""n_unique_items"": 2}, {""id"": ""mainGameOrder28"", ""store"": ""Sprouts Farmers Market"", ""city"": ""Oakland"", ""earnings"": 21, ""n_unique_items"": 2}]",2,2,dispersed,3,1,random_fair_target_city,True,False,False,,,"[""mainGameOrder28""]",1,1.866667,21.0,11.25,Oakland,"[""mainGameOrder27"", ""mainGameOrder28""]",2,1.787234,42.0,0.079433,0.042553,2.25,"[""mainGameOrder25"", ""mainGameOrder27"", ""mainGameOrder28""]",3,54.0,1.367089,True,33.0,0.499578,0.267631,"[""mainGameOrder28""]",True,True
8,A,False,False,mainGameScenario8,Oakland,4,"[""mainGameOrder29"", ""mainGameOrder30"", ""mainGameOrder31"", ""mainGameOrder32""]","[{""id"": ""mainGameOrder29"", ""store"": ""Sprouts Farmers Market"", ""city"": ""Oakland"", ""earnings"": 17, ""n_unique_items"": 2}, {""id"": ""mainGameOrder30"", ""store"": ""Sprouts Farmers Market"", ""city"": ""Oakland"", ""earnings"": 15, ""n_unique_items"": 3}, {""id"": ""mainGameOrder31"", ""store"": ""Sprouts Farmers Market"", ""city"": ""Oakland"", ""earnings"": 15, ""n_unique_items"": 3}, {""id"": ""mainGameOrder32"", ""store"": ""Sprouts Farmers Market"", ""city"": ""Oakland"", ""earnings"": 14, ""n_unique_items"": 2}]",1,1,compact,3,1,anchored_to_prev_best_city,True,False,False,,,"[""mainGameOrder29""]",1,1.511111,17.0,11.25,Oakland,"[""mainGameOrder29"", ""mainGameOrder32""]",2,1.47619,31.0,0.034921,0.023109,2.25,"[""mainGameOrder29"", ""mainGameOrder30"", ""mainGameOrder31""]",3,47.0,1.016216,True,30.0,0.494895,0.327504,"[""mainGameOrder29""]",True,True
9,A,False,False,mainGameScenario9,Oakland,4,"[""mainGameOrder33"", ""mainGameOrder34"", ""mainGameOrder35"", ""mainGameOrder36""]","[{""id"": ""mainGameOrder33"", ""store"": ""Safeway"", ""city"": ""Piedmont"", ""earnings"": 12, ""n_unique_items"": 2}, {""id"": ""mainGameOrder34"", ""store"": ""Target"", ""city"": ""Emeryville"", ""earnings"": 17, ""n_unique_items"": 3}, {""id"": ""mainGameOrder35"", ""store"": ""Safeway"", ""city"": ""Piedmont"", ""earnings"": 12, ""n_unique_items"": 3}, {""id"": ""mainGameOrder36"", ""store"": ""Safeway"", ""city"": ""Piedmont"", ""earnings"": 13, ""n_unique_items"": 3}]",2,2,dispersed,3,1,random_fair_target_city,True,False,False,,,"[""mainGameOrder33"", ""mainGameOrder35"", ""mainGameOrder36""]",3,0.839002,37.0,44.1,Piedmont,"[""mainGameOrder33"", ""mainGameOrder36""]",2,0.811688,25.0,0.027314,0.032555,4.2,"[""mainGameOrder33"", ""mainGameOrder35"", ""mainGameOrder36""]",3,37.0,0.839002,False,0,0,0,"[""mainGameOrder33"", ""mainGameOrder35"", ""mainGameOrder36""]",True,True
10,A,False,False,mainGameScenario10,Piedmont,4,"[""mainGameOrder37"", ""mainGameOrder38"", ""mainGameOrder39"", ""mainGameOrder40""]","[{""id"": ""mainGameOrder37"", ""store"": ""Safeway"", ""city"": ""Piedmont"", ""earnings"": 14, ""n_unique_items"": 2}, {""id"": ""mainGameOrder38"", ""store"": ""Safeway"", ""city"": ""Piedmont"", ""earnings"": 20, ""n_unique_items"": 2}, {""id"": ""mainGameOrder39"", ""store"": ""Safeway"", ""city"": ""Piedmont"", ""earnings"": 19, ""n_unique_items"": 2}, {""id"": ""mainGameOrder40"", ""store"": ""Safeway"", ""city"": ""Piedmont"", ""earnings"": 23, ""n_unique_items"": 3}]",1,1,compact,3,1,anchored_to_prev_best_city,True,False,False,,,"[""mainGameOrder39"", ""mainGameOrder40""]",2,1.673307,42.0,25.1,Piedmont,"[""mainGameOrder38"", ""mainGameOrder39"", ""mainGameOrder40""]",3,1.671159,62.0,0.002148,0.001284,4.2,"[""mainGameOrder38"", ""mainGameOrder39"", ""mainGameOrder40""]",3,62.0,1.671159,True,20.0,0.002148,0.001284,"[""mainGameOrder39"", ""mainGameOrder40""]",True,True
11,A,False,False,mainGameScenario11,Piedmont,4,"[""mainGameOrder41"", ""mainGameOrder42"", ""mainGameOrder43"", ""mainGameOrder44""]","[{""id"": ""mainGameOrder41"", ""store"": ""Berkeley Bowl"", ""city"": ""Berkeley"", ""earnings"": 13, ""n_unique_items"": 2}, {""id"": ""mainGameOrder42"", ""store"": ""Target"", ""city"": ""Emeryville"", ""earnings"": 19, ""n_unique_items"": 2}, {""id"": ""mainGameOrder43"", ""store"": ""Target"", ""city"": ""Emeryville"", ""earnings"": 18, ""n_unique_items"": 2}, {""id"": ""mainGameOrder44"", ""store"": ""Target"", ""city"": ""Emeryville"", ""earnings"": 15, ""n_unique_items"": 3}]",2,2,dispersed,3,1,random_fair_target_city,True,False,False,,,"[""mainGameOrder42"", ""mainGameOrder43""]",2,1.20915,37.0,30.6,Emeryville,"[""mainGameOrder42"", ""mainGameOrder43"", ""mainGameOrder44""]",3,1.195402,52.0,0.013748,0.01137,4.5,"[""mainGameOrder42"", ""mainGameOrder43"", ""mainGameOrder44""]",3,52.0,1.195402,True,15.0,0.013748,0.01137,"[""mainGameOrder42"", ""mainGameOrder43""]",True,True
12,A,False,False,mainGameScenario12,Emeryville,4,"[""mainGameOrder45"", ""mainGameOrder46"", ""mainGameOrder47"", ""mainGameOrder48""]","[{""id"": ""mainGameOrder45"", ""store"": ""Target"", ""city"": ""Emeryville"", ""earnings"": 16, ""n_unique_items"": 3}, {""id"": ""mainGameOrder46"", ""store"": ""Target"", ""city"": ""Emeryville"", ""earnings"": 14, ""n_unique_items"": 2}, {""id"": ""mainGameOrder47"", ""store"": ""Target"", ""city"": ""Emeryville"", ""earnings"": 22, ""n_unique_items"": 3}, {""id"": ""mainGameOrder48"", ""store"": ""Target"", ""city"": ""Emeryville"", ""earnings"": 14, ""n_unique_items"": 3}]",1,1,compact,3,1,anchored_to_prev_best_city,True,False,False,,,"[""mainGameOrder45"", ""mainGameOrder46"", ""mainGameOrder47""]",3,1.150442,52.0,45.2,Emeryville,"[""mainGameOrder45"", ""mainGameOrder47"", ""mainGameOrder48""]",3,1.150442,52.0,0.0,0.0,6.3,"[""mainGameOrder45"", ""mainGameOrder46"", ""mainGameOrder47""]",3,52.0,1.150442,False,0,0,0,"[""mainGameOrder45"", ""mainGameOrder46"", ""mainGameOrder47""]",True,True
13,A,False,False,mainGameScenario13,Emeryville,4,"[""mainGameOrder49"", ""mainGameOrder50"", ""mainGameOrder51"", ""mainGameOrder52""]","[{""id"": ""mainGameOrder49"", ""store"": ""Target"", ""city"": ""Emeryville"", ""earnings"": 24, ""n_unique_items"": 3}, {""id"": ""mainGameOrder50"", ""store"": ""Berkeley Bowl"", ""city"": ""Berkeley"", ""earnings"": 17, ""n_unique_items"": 2}, {""id"": ""mainGameOrder51"", ""store"": ""Berkeley Bowl"", ""city"": ""Berkeley"", ""earnings"": 14, ""n_unique_items"": 2}, {""id"": ""mainGameOrder52"", ""store"": ""Target"", ""city"": ""Emeryville"", ""earnings"": 12, ""n_unique_items"": 2}]",2,2,dispersed,3,1,random_fair_target_city,True,False,False,,,"[""mainGameOrder49""]",1,1.751825,24.0,13.7,Emeryville,"[""mainGameOrder49"", ""mainGameOrder52""]",2,1.358491,36.0,0.393334,0.224528,1.8,"[""mainGameOrder49"", ""mainGameOrder52""]",2,36.0,1.358491,True,12.0,0.393334,0.224528,"[""mainGameOrder49""]",True,True
14,A,False,False,mainGameScenario14,Emeryville,4,"[""mainGameOrder53"", ""mainGameOrder54"", ""mainGameOrder55"", ""mainGameOrder56""]","[{""id"": ""mainGameOrder53"", ""store"": ""Target"", ""city"": ""Emeryville"", ""earnings"": 21, ""n_unique_items"": 3}, {""id"": ""mainGameOrder54"", ""store"": ""Target"", ""city"": ""Emeryville"", ""earnings"": 14, ""n_unique_items"": 3}, {""id"": ""mainGameOrder55"", ""store"": ""Target"", ""city"": ""Emeryville"", ""earnings"": 22, ""n_unique_items"": 3}, {""id"": ""mainGameOrder56"", ""store"": ""Target"", ""city"": ""Emeryville"", ""earnings"": 18, ""n_unique_items"": 2}]",1,1,compact,3,1,anchored_to_prev_best_city,True,False,False,,,"[""mainGameOrder56""]",1,1.304348,18.0,13.8,Emeryville,"[""mainGameOrder53"", ""mainGameOrder55"", ""mainGameOrder56""]",3,1.26294,61.0,0.041408,0.031746,9.0,"[""mainGameOrder53"", ""mainGameOrder55"", ""mainGameOrder56""]",3,61.0,1.26294,True,43.0,0.041408,0.031746,"[""mainGameOrder56""]",True,True
15,A,False,False,mainGameScenario15,Emeryville,4,"[""mainGameOrder57"", ""mainGameOrder58"", ""mainGameOrder59"", ""mainGameOrder60""]","[{""id"": ""mainGameOrder57"", ""store"": ""Safeway"", ""city"": ""Piedmont"", ""earnings"": 22, ""n_unique_items"": 2}, {""id"": ""mainGameOrder58"", ""store"": ""Sprouts Farmers Market"", ""city"": ""Oakland"", ""earnings"": 18, ""n_unique_items"": 3}, {""id"": ""mainGameOrder59"", ""store"": ""Safeway"", ""city"": ""Piedmont"", ""earnings"": 17, ""n_unique_items"": 2}, {""id"": ""mainGameOrder60"", ""store"": ""Safeway"", ""city"": ""Piedmont"", ""earnings"": 22, ""n_unique_items"": 3}]",2,2,dispersed,3,1,random_fair_target_city,True,False,False,,,"[""mainGameOrder57"", ""mainGameOrder59"", ""mainGameOrder60""]",3,1.40553,61.0,43.4,Piedmont,"[""mainGameOrder57"", ""mainGameOrder59""]",2,1.358885,39.0,0.046645,0.033187,4.2,"[""mainGameOrder57"", ""mainGameOrder59"", ""mainGameOrder60""]",3,61.0,1.40553,False,0,0,0,"[""mainGameOrder57"", ""mainGameOrder59"", ""mainGameOrder60""]",True,True
16,B,False,True,mainGameScenario16,Piedmont,4,"[""mainGameOrder61"", ""mainGameOrder62"", ""mainGameOrder63"", ""mainGameOrder64""]","[{""id"": ""mainGameOrder61"", ""store"": ""Safeway"", ""city"": ""Piedmont"", ""earnings"": 24, ""n_unique_items"": 3}, {""id"": ""mainGameOrder62"", ""store"": ""Safeway"", ""city"": ""Piedmont"", ""earnings"": 24, ""n_unique_items"": 2}, {""id"": ""mainGameOrder63"", ""store"": ""Safeway"", ""city"": ""Piedmont"", ""earnings"": 18, ""n_unique_items"": 3}, {""id"": ""mainGameOrder64"", ""store"": ""Safeway"", ""city"": ""Piedmont"", ""earnings"": 22, ""n_unique_items"": 3}]",1,1,compact,3,1,anchored_to_prev_best_city,True,False,False,,,"[""mainGameOrder62""]",1,2.376238,24.0,10.1,Piedmont,"[""mainGameOrder62"", ""mainGameOrder64""]",2,2.110092,46.0,0.266146,0.112003,5.6,"[""mainGameOrder61"", ""mainGameOrder62"", ""mainGameOrder64""]",3,70.0,2.028986,True,46.0,0.347252,0.146135,"[""mainGameOrder62""]",True,True
17,B,False,True,mainGameScenario17,Piedmont,4,"[""mainGameOrder65"", ""mainGameOrder66"", ""mainGameOrder67"", ""mainGameOrder68""]","[{""id"": ""mainGameOrder65"", ""store"": ""Safeway"", ""city"": ""Piedmont"", ""earnings"": 19, ""n_unique_items"": 2}, {""id"": ""mainGameOrder66"", ""store"": ""Sprouts Farmers Market"", ""city"": ""Oakland"", ""earnings"": 22, ""n_unique_items"": 2}, {""id"": ""mainGameOrder67"", ""store"": ""Sprouts Farmers Market"", ""city"": ""Oakland"", ""earnings"": 17, ""n_unique_items"": 3}, {""id"": ""mainGameOrder68"", ""store"": ""Sprouts Farmers Market"", ""city"": ""Oakland"", ""earnings"": 13, ""n_unique_items"": 3}]",2,2,dispersed,3,1,random_fair_target_city,True,False,False,,,"[""mainGameOrder66""]",1,1.419355,22.0,15.5,Oakland,"[""mainGameOrder65""]",1,1.41791,19.0,0.001444,0.001018,3.0,"[""mainGameOrder66"", ""mainGameOrder67"", ""mainGameOrder68""]",3,52.0,1.04,True,30.0,0.379355,0.267273,"[""mainGameOrder66""]",True,True
18,B,False,True,mainGameScenario18,Oakland,4,"[""mainGameOrder69"", ""mainGameOrder70"", ""mainGameOrder71"", ""mainGameOrder72""]","[{""id"": ""mainGameOrder69"", ""store"": ""Sprouts Farmers Market"", ""city"": ""Oakland"", ""earnings"": 14, ""n_unique_items"": 2}, {""id"": ""mainGameOrder70"", ""store"": ""Sprouts Farmers Market"", ""city"": ""Oakland"", ""earnings"": 13, ""n_unique_items"": 2}, {""id"": ""mainGameOrder71"", ""store"": ""Sprouts Farmers Market"", ""city"": ""Oakland"", ""earnings"": 22, ""n_unique_items"": 3}, {""id"": ""mainGameOrder72"", ""store"": ""Sprouts Farmers Market"", ""city"": ""Oakland"", ""earnings"": 19, ""n_unique_items"": 2}]",1,1,compact,3,1,anchored_to_prev_best_city,True,False,False,,,"[""mainGameOrder71"", ""mainGameOrder72""]",2,1.464286,41.0,28.0,Oakland,"[""mainGameOrder72""]",1,1.461538,19.0,0.002747,0.001876,3.0,"[""mainGameOrder69"", ""mainGameOrder71"", ""mainGameOrder72""]",3,55.0,1.358025,True,14.0,0.106261,0.072569,"[""mainGameOrder71"", ""mainGameOrder72""]",True,True
19,B,False,True,mainGameScenario19,Oakland,4,"[""mainGameOrder73"", ""mainGameOrder74"", ""mainGameOrder75"", ""mainGameOrder76""]","[{""id"": ""mainGameOrder73"", ""store"": ""Sprouts Farmers Market"", ""city"": ""Oakland"", ""earnings"": 12, ""n_unique_items"": 3}, {""id"": ""mainGameOrder74"", ""store"": ""Safeway"", ""city"": ""Piedmont"", ""earnings"": 17, ""n_unique_items"": 2}, {""id"": ""mainGameOrder75"", ""store"": ""Sprouts Farmers Market"", ""city"": ""Oakland"", ""earnings"": 18, ""n_unique_items"": 2}, {""id"": ""mainGameOrder76"", ""store"": ""Sprouts Farmers Market"", ""city"": ""Oakland"", ""earnings"": 24, ""n_unique_items"": 3}]",2,2,dispersed,3,1,random_fair_target_city,True,False,False,,,"[""mainGameOrder75""]",1,1.5,18.0,12.0,Oakland,"[""mainGameOrder75"", ""mainGameOrder76""]",2,1.486726,42.0,0.013274,0.00885,3.0,"[""mainGameOrder73"", ""mainGameOrder75"", ""mainGameOrder76""]",3,54.0,1.255814,True,36.0,0.244186,0.162791,"[""mainGameOrder75""]",True,True
20,B,False,True,mainGameScenario20,Oakland,4,"[""mainGameOrder77"", ""mainGameOrder78"", ""mainGameOrder79"", ""mainGameOrder80""]","[{""id"": ""mainGameOrder77"", ""store"": ""Sprouts Farmers Market"", ""city"": ""Oakland"", ""earnings"": 24, ""n_unique_items"": 3}, {""id"": ""mainGameOrder78"", ""store"": ""Sprouts Farmers Market"", ""city"": ""Oakland"", ""earnings"": 23, ""n_unique_items"": 2}, {""id"": ""mainGameOrder79"", ""store"": ""Sprouts Farmers Market"", ""city"": ""Oakland"", ""earnings"": 17, ""n_unique_items"": 3}, {""id"": ""mainGameOrder80"", ""store"": ""Sprouts Farmers Market"", ""city"": ""Oakland"", ""earnings"": 20, ""n_unique_items"": 3}]",1,1,compact,3,1,anchored_to_prev_best_city,True,False,False,,,"[""mainGameOrder78""]",1,1.877551,23.0,12.25,Oakland,"[""mainGameOrder77"", ""mainGameOrder78""]",2,1.553719,47.0,0.323832,0.172476,3.0,"[""mainGameOrder77"", ""mainGameOrder78"", ""mainGameOrder80""]",3,67.0,1.464481,True,44.0,0.41307,0.220005,"[""mainGameOrder78""]",True,True
21,B,False,True,mainGameScenario21,Oakland,4,"[""mainGameOrder81"", ""mainGameOrder82"", ""mainGameOrder83"", ""mainGameOrder84""]","[{""id"": ""mainGameOrder81"", ""store"": ""Safeway"", ""city"": ""Piedmont"", ""earnings"": 20, ""n_unique_items"": 2}, {""id"": ""mainGameOrder82"", ""store"": ""Safeway"", ""city"": ""Piedmont"", ""earnings"": 17, ""n_unique_items"": 3}, {""id"": ""mainGameOrder83"", ""store"": ""Berkeley Bowl"", ""city"": ""Berkeley"", ""earnings"": 24, ""n_unique_items"": 2}, {""id"": ""mainGameOrder84"", ""store"": ""Safeway"", ""city"": ""Piedmont"", ""earnings"": 21, ""n_unique_items"": 2}]",2,2,dispersed,3,1,random_fair_target_city,True,False,False,,,"[""mainGameOrder81"", ""mainGameOrder84""]",2,1.570881,41.0,26.1,Piedmont,"[""mainGameOrder81"", ""mainGameOrder82"", ""mainGameOrder84""]",3,1.534392,58.0,0.03649,0.023229,4.2,"[""mainGameOrder81"", ""mainGameOrder82"", ""mainGameOrder84""]",3,58.0,1.534392,True,17.0,0.03649,0.023229,"[""mainGameOrder81"", ""mainGameOrder84""]",True,True
22,B,False,True,mainGameScenario22,Piedmont,4,"[""mainGameOrder85"", ""mainGameOrder86"", ""mainGameOrder87"", ""mainGameOrder88""]","[{""id"": ""mainGameOrder85"", ""store"": ""Safeway"", ""city"": ""Piedmont"", ""earnings"": 17, ""n_unique_items"": 2}, {""id"": ""mainGameOrder86"", ""store"": ""Safeway"", ""city"": ""Piedmont"", ""earnings"": 22, ""n_unique_items"": 2}, {""id"": ""mainGameOrder87"", ""store"": ""Safeway"", ""city"": ""Piedmont"", ""earnings"": 19, ""n_unique_items"": 3}, {""id"": ""mainGameOrder88"", ""store"": ""Safeway"", ""city"": ""Piedmont"", ""earnings"": 16, ""n_unique_items"": 2}]",1,1,compact,3,1,anchored_to_prev_best_city,True,False,False,,,"[""mainGameOrder86"", ""mainGameOrder88""]",2,2.065217,38.0,18.4,Piedmont,"[""mainGameOrder86""]",1,1.981982,22.0,0.083235,0.040303,4.2,"[""mainGameOrder85"", ""mainGameOrder86"", ""mainGameOrder87""]",3,58.0,1.883117,True,20.0,0.182101,0.088175,"[""mainGameOrder86"", ""mainGameOrder88""]",True,True
23,B,False,True,mainGameScenario23,Piedmont,4,"[""mainGameOrder89"", ""mainGameOrder90"", ""mainGameOrder91"", ""mainGameOrder92""]","[{""id"": ""mainGameOrder89"", ""store"": ""Safeway"", ""city"": ""Piedmont"", ""earnings"": 16, ""n_unique_items"": 3}, {""id"": ""mainGameOrder90"", ""store"": ""Berkeley Bowl"", ""city"": ""Berkeley"", ""earnings"": 21, ""n_unique_items"": 3}, {""id"": ""mainGameOrder91"", ""store"": ""Safeway"", ""city"": ""Piedmont"", ""earnings"": 22, ""n_unique_items"": 3}, {""id"": ""mainGameOrder92"", ""store"": ""Safeway"", ""city"": ""Piedmont"", ""earnings"": 19, ""n_unique_items"": 3}]",2,2,dispersed,3,1,random_fair_target_city,True,False,False,,,"[""mainGameOrder91"", ""mainGameOrder92""]",2,1.362126,41.0,30.1,Piedmont,"[""mainGameOrder91""]",1,1.309524,22.0,0.052602,0.038618,5.6,"[""mainGameOrder89"", ""mainGameOrder91"", ""mainGameOrder92""]",3,57.0,1.283784,True,16.0,0.078342,0.057515,"[""mainGameOrder91"", ""mainGameOrder92""]",True,True
24,B,False,True,mainGameScenario24,Piedmont,4,"[""mainGameOrder93"", ""mainGameOrder94"", ""mainGameOrder95"", ""mainGameOrder96""]","[{""id"": ""mainGameOrder93"", ""store"": ""Safeway"", ""city"": ""Piedmont"", ""earnings"": 17, ""n_unique_items"": 2}, {""id"": ""mainGameOrder94"", ""store"": ""Safeway"", ""city"": ""Piedmont"", ""earnings"": 21, ""n_unique_items"": 2}, {""id"": ""mainGameOrder95"", ""store"": ""Safeway"", ""city"": ""Piedmont"", ""earnings"": 19, ""n_unique_items"": 2}, {""id"": ""mainGameOrder96"", ""store"": ""Safeway"", ""city"": ""Piedmont"", ""earnings"": 15, ""n_unique_items"": 2}]",1,1,compact,3,1,anchored_to_prev_best_city,True,False,False,,,"[""mainGameOrder94""]",1,1.891892,21.0,11.1,Piedmont,"[""mainGameOrder94"", ""mainGameOrder95""]",2,1.860465,40.0,0.031427,0.016611,3.5,"[""mainGameOrder93"", ""mainGameOrder94"", ""mainGameOrder95""]",3,57.0,1.701493,True,36.0,0.190399,0.10064,"[""mainGameOrder94""]",True,True
25,B,False,True,mainGameScenario25,Piedmont,4,"[""mainGameOrder97"", ""mainGameOrder98"", ""mainGameOrder99"", ""mainGameOrder100""]","[{""id"": ""mainGameOrder97"", ""store"": ""Sprouts Farmers Market"", ""city"": ""Oakland"", ""earnings"": 12, ""n_unique_items"": 3}, {""id"": ""mainGameOrder98"", ""store"": ""Target"", ""city"": ""Emeryville"", ""earnings"": 18, ""n_unique_items"": 3}, {""id"": ""mainGameOrder99"", ""store"": ""Target"", ""city"": ""Emeryville"", ""earnings"": 17, ""n_unique_items"": 2}, {""id"": ""mainGameOrder100"", ""store"": ""Sprouts Farmers Market"", ""city"": ""Oakland"", ""earnings"": 15, ""n_unique_items"": 2}]",2,2,dispersed,3,1,random_fair_target_city,True,False,False,,,"[""mainGameOrder98"", ""mainGameOrder99""]",2,0.892857,35.0,39.2,Emeryville,"[""mainGameOrder99""]",1,0.790698,17.0,0.102159,0.114419,1.8,"[""mainGameOrder98"", ""mainGameOrder99""]",2,35.0,0.892857,False,0,0,0,"[""mainGameOrder98"", ""mainGameOrder99""]",True,True
26,B,False,True,mainGameScenario26,Emeryville,4,"[""mainGameOrder101"", ""mainGameOrder102"", ""mainGameOrder103"", ""mainGameOrder104""]","[{""id"": ""mainGameOrder101"", ""store"": ""Target"", ""city"": ""Emeryville"", ""earnings"": 22, ""n_unique_items"": 2}, {""id"": ""mainGameOrder102"", ""store"": ""Target"", ""city"": ""Emeryville"", ""earnings"": 16, ""n_unique_items"": 3}, {""id"": ""mainGameOrder103"", ""store"": ""Target"", ""city"": ""Emeryville"", ""earnings"": 17, ""n_unique_items"": 2}, {""id"": ""mainGameOrder104"", ""store"": ""Target"", ""city"": ""Emeryville"", ""earnings"": 19, ""n_unique_items"": 3}]",1,1,compact,3,1,anchored_to_prev_best_city,True,False,False,,,"[""mainGameOrder101""]",1,2.056075,22.0,10.7,Emeryville,"[""mainGameOrder101"", ""mainGameOrder103""]",2,1.82243,39.0,0.233645,0.113636,6.3,"[""mainGameOrder101"", ""mainGameOrder103"", ""mainGameOrder104""]",3,58.0,1.611111,True,36.0,0.444964,0.216414,"[""mainGameOrder101""]",True,True
27,B,False,True,mainGameScenario27,Emeryville,4,"[""mainGameOrder105"", ""mainGameOrder106"", ""mainGameOrder107"", ""mainGameOrder108""]","[{""id"": ""mainGameOrder105"", ""store"": ""Target"", ""city"": ""Emeryville"", ""earnings"": 18, ""n_unique_items"": 2}, {""id"": ""mainGameOrder106"", ""store"": ""Target"", ""city"": ""Emeryville"", ""earnings"": 21, ""n_unique_items"": 3}, {""id"": ""mainGameOrder107"", ""store"": ""Target"", ""city"": ""Emeryville"", ""earnings"": 14, ""n_unique_items"": 2}, {""id"": ""mainGameOrder108"", ""store"": ""Berkeley Bowl"", ""city"": ""Berkeley"", ""earnings"": 24, ""n_unique_items"": 2}]",2,2,dispersed,3,1,random_fair_target_city,True,False,False,,,"[""mainGameOrder105""]",1,1.682243,18.0,10.7,Emeryville,"[""mainGameOrder105"", ""mainGameOrder107""]",2,1.560976,32.0,0.121267,0.072087,5.4,"[""mainGameOrder105"", ""mainGameOrder106"", ""mainGameOrder107""]",3,53.0,1.387435,True,35.0,0.294808,0.175247,"[""mainGameOrder105""]",True,True
28,B,False,True,mainGameScenario28,Emeryville,4,"[""mainGameOrder109"", ""mainGameOrder110"", ""mainGameOrder111"", ""mainGameOrder112""]","[{""id"": ""mainGameOrder109"", ""store"": ""Target"", ""city"": ""Emeryville"", ""earnings"": 13, ""n_unique_items"": 3}, {""id"": ""mainGameOrder110"", ""store"": ""Target"", ""city"": ""Emeryville"", ""earnings"": 22, ""n_unique_items"": 2}, {""id"": ""mainGameOrder111"", ""store"": ""Target"", ""city"": ""Emeryville"", ""earnings"": 19, ""n_unique_items"": 3}, {""id"": ""mainGameOrder112"", ""store"": ""Target"", ""city"": ""Emeryville"", ""earnings"": 12, ""n_unique_items"": 2}]",1,1,compact,3,1,anchored_to_prev_best_city,True,False,False,,,"[""mainGameOrder110""]",1,2.244898,22.0,9.8,Emeryville,"[""mainGameOrder110"", ""mainGameOrder112""]",2,1.734694,34.0,0.510204,0.227273,5.4,"[""mainGameOrder109"", ""mainGameOrder110"", ""mainGameOrder111""]",3,54.0,1.363636,True,32.0,0.881262,0.392562,"[""mainGameOrder110""]",True,True
29,B,False,True,mainGameScenario29,Emeryville,4,"[""mainGameOrder113"", ""mainGameOrder114"", ""mainGameOrder115"", ""mainGameOrder116""]","[{""id"": ""mainGameOrder113"", ""store"": ""Berkeley Bowl"", ""city"": ""Berkeley"", ""earnings"": 15, ""n_unique_items"": 2}, {""id"": ""mainGameOrder114"", ""store"": ""Safeway"", ""city"": ""Piedmont"", ""earnings"": 24, ""n_unique_items"": 3}, {""id"": ""mainGameOrder115"", ""store"": ""Berkeley Bowl"", ""city"": ""Berkeley"", ""earnings"": 16, ""n_unique_items"": 2}, {""id"": ""mainGameOrder116"", ""store"": ""Safeway"", ""city"": ""Piedmont"", ""earnings"": 12, ""n_unique_items"": 2}]",2,2,dispersed,3,1,random_fair_target_city,True,False,False,,,"[""mainGameOrder113"", ""mainGameOrder115""]",2,1.033333,31.0,30.0,Berkeley,"[""mainGameOrder114"", ""mainGameOrder116""]",2,0.986301,36.0,0.047032,0.045515,2.1,"[""mainGameOrder114"", ""mainGameOrder116""]",2,36.0,0.986301,True,5.0,0.047032,0.045515,"[""mainGameOrder113"", ""mainGameOrder115""]",True,True
30,B,False,True,mainGameScenario30,Berkeley,4,"[""mainGameOrder117"", ""mainGameOrder118"", ""mainGameOrder119"", ""mainGameOrder120""]","[{""id"": ""mainGameOrder117"", ""store"": ""Berkeley Bowl"", ""city"": ""Berkeley"", ""earnings"": 16, ""n_unique_items"": 3}, {""id"": ""mainGameOrder118"", ""store"": ""Berkeley Bowl"", ""city"": ""Berkeley"", ""earnings"": 12, ""n_unique_items"": 3}, {""id"": ""mainGameOrder119"", ""store"": ""Berkeley Bowl"", ""city"": ""Berkeley"", ""earnings"": 24, ""n_unique_items"": 2}, {""id"": ""mainGameOrder120"", ""store"": ""Berkeley Bowl"", ""city"": ""Berkeley"", ""earnings"": 18, ""n_unique_items"": 2}]",1,1,compact,3,1,anchored_to_prev_best_city,True,False,False,,,"[""mainGameOrder119""]",1,1.875,24.0,12.8,Berkeley,"[""mainGameOrder119"", ""mainGameOrder120""]",2,1.603053,42.0,0.271947,0.145038,5.4,"[""mainGameOrder117"", ""mainGameOrder119"", ""mainGameOrder120""]",3,58.0,1.400966,True,34.0,0.474034,0.252818,"[""mainGameOrder119""]",True,True
31,B,False,True,mainGameScenario31,Berkeley,4,"[""mainGameOrder121"", ""mainGameOrder122"", ""mainGameOrder123"", ""mainGameOrder124""]","[{""id"": ""mainGameOrder121"", ""store"": ""Safeway"", ""city"": ""Piedmont"", ""earnings"": 18, ""n_unique_items"": 3}, {""id"": ""mainGameOrder122"", ""store"": ""Safeway"", ""city"": ""Piedmont"", ""earnings"": 22, ""n_unique_items"": 2}, {""id"": ""mainGameOrder123"", ""store"": ""Sprouts Farmers Market"", ""city"": ""Oakland"", ""earnings"": 24, ""n_unique_items"": 2}, {""id"": ""mainGameOrder124"", ""store"": ""Safeway"", ""city"": ""Piedmont"", ""earnings"": 15, ""n_unique_items"": 3}]",2,2,dispersed,3,1,random_fair_target_city,True,False,False,,,"[""mainGameOrder121"", ""mainGameOrder122"", ""mainGameOrder124""]",3,1.129363,55.0,48.7,Piedmont,"[""mainGameOrder121"", ""mainGameOrder122""]",2,1.069519,40.0,0.059845,0.05299,4.9,"[""mainGameOrder121"", ""mainGameOrder122"", ""mainGameOrder124""]",3,55.0,1.129363,False,0,0,0,"[""mainGameOrder121"", ""mainGameOrder122"", ""mainGameOrder124""]",True,True
32,B,False,True,mainGameScenario32,Piedmont,4,"[""mainGameOrder125"", ""mainGameOrder126"", ""mainGameOrder127"", ""mainGameOrder128""]","[{""id"": ""mainGameOrder125"", ""store"": ""Safeway"", ""city"": ""Piedmont"", ""earnings"": 21, ""n_unique_items"": 3}, {""id"": ""mainGameOrder126"", ""store"": ""Safeway"", ""city"": ""Piedmont"", ""earnings"": 17, ""n_unique_items"": 2}, {""id"": ""mainGameOrder127"", ""store"": ""Safeway"", ""city"": ""Piedmont"", ""earnings"": 14, ""n_unique_items"": 2}, {""id"": ""mainGameOrder128"", ""store"": ""Safeway"", ""city"": ""Piedmont"", ""earnings"": 20, ""n_unique_items"": 3}]",1,1,compact,3,1,anchored_to_prev_best_city,True,False,False,,,"[""mainGameOrder125"", ""mainGameOrder126"", ""mainGameOrder128""]",3,1.483376,58.0,39.1,Piedmont,"[""mainGameOrder126"", ""mainGameOrder128""]",2,1.474104,37.0,0.009272,0.006251,4.9,"[""mainGameOrder125"", ""mainGameOrder126"", ""mainGameOrder128""]",3,58.0,1.483376,False,0,0,0,"[""mainGameOrder125"", ""mainGameOrder126"", ""mainGameOrder128""]",True,True
33,B,False,True,mainGameScenario33,Piedmont,4,"[""mainGameOrder129"", ""mainGameOrder130"", ""mainGameOrder131"", ""mainGameOrder132""]","[{""id"": ""mainGameOrder129"", ""store"": ""Sprouts Farmers Market"", ""city"": ""Oakland"", ""earnings"": 19, ""n_unique_items"": 3}, {""id"": ""mainGameOrder130"", ""store"": ""Berkeley Bowl"", ""city"": ""Berkeley"", ""earnings"": 12, ""n_unique_items"": 2}, {""id"": ""mainGameOrder131"", ""store"": ""Berkeley Bowl"", ""city"": ""Berkeley"", ""earnings"": 19, ""n_unique_items"": 2}, {""id"": ""mainGameOrder132"", ""store"": ""Berkeley Bowl"", ""city"": ""Berkeley"", ""earnings"": 18, ""n_unique_items"": 3}]",2,2,dispersed,3,1,random_fair_target_city,True,False,False,,,"[""mainGameOrder131"", ""mainGameOrder132""]",2,1.057143,37.0,35.0,Berkeley,"[""mainGameOrder130"", ""mainGameOrder131"", ""mainGameOrder132""]",3,1.038136,49.0,0.019007,0.01798,3.0,"[""mainGameOrder130"", ""mainGameOrder131"", ""mainGameOrder132""]",3,49.0,1.038136,True,12.0,0.019007,0.01798,"[""mainGameOrder131"", ""mainGameOrder132""]",True,True
34,B,False,True,mainGameScenario34,Berkeley,4,"[""mainGameOrder133"", ""mainGameOrder134"", ""mainGameOrder135"", ""mainGameOrder136""]","[{""id"": ""mainGameOrder133"", ""store"": ""Berkeley Bowl"", ""city"": ""Berkeley"", ""earnings"": 19, ""n_unique_items"": 2}, {""id"": ""mainGameOrder134"", ""store"": ""Berkeley Bowl"", ""city"": ""Berkeley"", ""earnings"": 14, ""n_unique_items"": 3}, {""id"": ""mainGameOrder135"", ""store"": ""Berkeley Bowl"", ""city"": ""Berkeley"", ""earnings"": 24, ""n_unique_items"": 3}, {""id"": ""mainGameOrder136"", ""store"": ""Berkeley Bowl"", ""city"": ""Berkeley"", ""earnings"": 24, ""n_unique_items"": 3}]",1,1,compact,3,1,anchored_to_prev_best_city,True,False,False,,,"[""mainGameOrder133"", ""mainGameOrder135"", ""mainGameOrder136""]",3,1.994048,67.0,33.6,Berkeley,"[""mainGameOrder135"", ""mainGameOrder136""]",2,1.935484,48.0,0.058564,0.029369,5.4,"[""mainGameOrder133"", ""mainGameOrder135"", ""mainGameOrder136""]",3,67.0,1.994048,False,0,0,0,"[""mainGameOrder133"", ""mainGameOrder135"", ""mainGameOrder136""]",True,True
35,B,False,True,mainGameScenario35,Berkeley,4,"[""mainGameOrder137"", ""mainGameOrder138"", ""mainGameOrder139"", ""mainGameOrder140""]","[{""id"": ""mainGameOrder137"", ""store"": ""Safeway"", ""city"": ""Piedmont"", ""earnings"": 23, ""n_unique_items"": 3}, {""id"": ""mainGameOrder138"", ""store"": ""Berkeley Bowl"", ""city"": ""Berkeley"", ""earnings"": 18, ""n_unique_items"": 2}, {""id"": ""mainGameOrder139"", ""store"": ""Berkeley Bowl"", ""city"": ""Berkeley"", ""earnings"": 13, ""n_unique_items"": 2}, {""id"": ""mainGameOrder140"", ""store"": ""Berkeley Bowl"", ""city"": ""Berkeley"", ""earnings"": 24, ""n_unique_items"": 2}]",2,2,dispersed,3,1,random_fair_target_city,True,False,False,,,"[""mainGameOrder140""]",1,2.608696,24.0,9.2,Berkeley,"[""mainGameOrder138"", ""mainGameOrder140""]",2,2.307692,42.0,0.301003,0.115385,3.0,"[""mainGameOrder138"", ""mainGameOrder139"", ""mainGameOrder140""]",3,55.0,1.93662,True,31.0,0.672076,0.257629,"[""mainGameOrder140""]",True,True
36,C,False,False,mainGameScenario36,Berkeley,4,"[""mainGameOrder141"", ""mainGameOrder142"", ""mainGameOrder143"", ""mainGameOrder144""]","[{""id"": ""mainGameOrder141"", ""store"": ""Berkeley Bowl"", ""city"": ""Berkeley"", ""earnings"": 13, ""n_unique_items"": 2}, {""id"": ""mainGameOrder142"", ""store"": ""Berkeley Bowl"", ""city"": ""Berkeley"", ""earnings"": 24, ""n_unique_items"": 2}, {""id"": ""mainGameOrder143"", ""store"": ""Berkeley Bowl"", ""city"": ""Berkeley"", ""earnings"": 17, ""n_unique_items"": 2}, {""id"": ""mainGameOrder144"", ""store"": ""Berkeley Bowl"", ""city"": ""Berkeley"", ""earnings"": 13, ""n_unique_items"": 2}]",1,1,compact,3,1,anchored_to_prev_best_city,True,False,False,,,"[""mainGameOrder142""]",1,1.73913,24.0,13.8,Berkeley,"[""mainGameOrder142"", ""mainGameOrder143"", ""mainGameOrder144""]",3,1.5,54.0,0.23913,0.1375,4.2,"[""mainGameOrder142"", ""mainGameOrder143"", ""mainGameOrder144""]",3,54.0,1.5,True,30.0,0.23913,0.1375,"[""mainGameOrder142""]",True,True
37,C,False,False,mainGameScenario37,Berkeley,4,"[""mainGameOrder145"", ""mainGameOrder146"", ""mainGameOrder147"", ""mainGameOrder148""]","[{""id"": ""mainGameOrder145"", ""store"": ""Berkeley Bowl"", ""city"": ""Berkeley"", ""earnings"": 23, ""n_unique_items"": 2}, {""id"": ""mainGameOrder146"", ""store"": ""Berkeley Bowl"", ""city"": ""Berkeley"", ""earnings"": 21, ""n_unique_items"": 3}, {""id"": ""mainGameOrder147"", ""store"": ""Berkeley Bowl"", ""city"": ""Berkeley"", ""earnings"": 17, ""n_unique_items"": 2}, {""id"": ""mainGameOrder148"", ""store"": ""Sprouts Farmers Market"", ""city"": ""Oakland"", ""earnings"": 22, ""n_unique_items"": 2}]",2,2,dispersed,3,1,random_fair_target_city,True,False,False,,,"[""mainGameOrder145"", ""mainGameOrder147""]",2,1.73913,40.0,23.0,Berkeley,"[""mainGameOrder145""]",1,1.666667,23.0,0.072464,0.041667,4.8,"[""mainGameOrder145"", ""mainGameOrder146"", ""mainGameOrder147""]",3,61.0,1.605263,True,21.0,0.133867,0.076974,"[""mainGameOrder145"", ""mainGameOrder147""]",True,True
38,C,False,False,mainGameScenario38,Berkeley,4,"[""mainGameOrder149"", ""mainGameOrder150"", ""mainGameOrder151"", ""mainGameOrder152""]","[{""id"": ""mainGameOrder149"", ""store"": ""Berkeley Bowl"", ""city"": ""Berkeley"", ""earnings"": 24, ""n_unique_items"": 3}, {""id"": ""mainGameOrder150"", ""store"": ""Berkeley Bowl"", ""city"": ""Berkeley"", ""earnings"": 22, ""n_unique_items"": 3}, {""id"": ""mainGameOrder151"", ""store"": ""Berkeley Bowl"", ""city"": ""Berkeley"", ""earnings"": 12, ""n_unique_items"": 2}, {""id"": ""mainGameOrder152"", ""store"": ""Berkeley Bowl"", ""city"": ""Berkeley"", ""earnings"": 14, ""n_unique_items"": 2}]",1,1,compact,3,1,anchored_to_prev_best_city,True,False,False,,,"[""mainGameOrder149"", ""mainGameOrder150""]",2,1.691176,46.0,27.2,Berkeley,"[""mainGameOrder149""]",1,1.666667,24.0,0.02451,0.014493,4.8,"[""mainGameOrder149"", ""mainGameOrder150"", ""mainGameOrder152""]",3,60.0,1.621622,True,14.0,0.069555,0.041128,"[""mainGameOrder149"", ""mainGameOrder150""]",True,True
39,C,False,False,mainGameScenario39,Berkeley,4,"[""mainGameOrder153"", ""mainGameOrder154"", ""mainGameOrder155"", ""mainGameOrder156""]","[{""id"": ""mainGameOrder153"", ""store"": ""Sprouts Farmers Market"", ""city"": ""Oakland"", ""earnings"": 19, ""n_unique_items"": 3}, {""id"": ""mainGameOrder154"", ""store"": ""Sprouts Farmers Market"", ""city"": ""Oakland"", ""earnings"": 15, ""n_unique_items"": 3}, {""id"": ""mainGameOrder155"", ""store"": ""Target"", ""city"": ""Emeryville"", ""earnings"": 14, ""n_unique_items"": 3}, {""id"": ""mainGameOrder156"", ""store"": ""Sprouts Farmers Market"", ""city"": ""Oakland"", ""earnings"": 12, ""n_unique_items"": 3}]",2,2,dispersed,3,1,random_fair_target_city,True,False,False,,,"[""mainGameOrder153"", ""mainGameOrder154""]",2,0.804734,34.0,42.25,Oakland,"[""mainGameOrder153"", ""mainGameOrder154"", ""mainGameOrder156""]",3,0.773109,46.0,0.031624,0.039298,3.75,"[""mainGameOrder153"", ""mainGameOrder154"", ""mainGameOrder156""]",3,46.0,0.773109,True,12.0,0.031624,0.039298,"[""mainGameOrder153"", ""mainGameOrder154""]",True,True
40,C,False,False,mainGameScenario40,Oakland,4,"[""mainGameOrder157"", ""mainGameOrder158"", ""mainGameOrder159"", ""mainGameOrder160""]","[{""id"": ""mainGameOrder157"", ""store"": ""Sprouts Farmers Market"", ""city"": ""Oakland"", ""earnings"": 15, ""n_unique_items"": 2}, {""id"": ""mainGameOrder158"", ""store"": ""Sprouts Farmers Market"", ""city"": ""Oakland"", ""earnings"": 23, ""n_unique_items"": 2}, {""id"": ""mainGameOrder159"", ""store"": ""Sprouts Farmers Market"", ""city"": ""Oakland"", ""earnings"": 22, ""n_unique_items"": 2}, {""id"": ""mainGameOrder160"", ""store"": ""Sprouts Farmers Market"", ""city"": ""Oakland"", ""earnings"": 19, ""n_unique_items"": 3}]",1,1,compact,3,1,anchored_to_prev_best_city,True,False,False,,,"[""mainGameOrder158"", ""mainGameOrder159""]",2,1.956522,45.0,23.0,Oakland,"[""mainGameOrder157"", ""mainGameOrder158"", ""mainGameOrder159""]",3,1.935484,60.0,0.021038,0.010753,5.25,"[""mainGameOrder158"", ""mainGameOrder159"", ""mainGameOrder160""]",3,64.0,1.542169,True,19.0,0.414353,0.21178,"[""mainGameOrder158"", ""mainGameOrder159""]",True,True
41,C,False,False,mainGameScenario41,Oakland,4,"[""mainGameOrder161"", ""mainGameOrder162"", ""mainGameOrder163"", ""mainGameOrder164""]","[{""id"": ""mainGameOrder161"", ""store"": ""Sprouts Farmers Market"", ""city"": ""Oakland"", ""earnings"": 19, ""n_unique_items"": 2}, {""id"": ""mainGameOrder162"", ""store"": ""Sprouts Farmers Market"", ""city"": ""Oakland"", ""earnings"": 21, ""n_unique_items"": 3}, {""id"": ""mainGameOrder163"", ""store"": ""Sprouts Farmers Market"", ""city"": ""Oakland"", ""earnings"": 13, ""n_unique_items"": 3}, {""id"": ""mainGameOrder164"", ""store"": ""Safeway"", ""city"": ""Piedmont"", ""earnings"": 21, ""n_unique_items"": 2}]",2,2,dispersed,3,1,random_fair_target_city,True,False,False,,,"[""mainGameOrder161""]",1,1.583333,19.0,12.0,Oakland,"[""mainGameOrder161"", ""mainGameOrder162""]",2,1.333333,40.0,0.25,0.157895,3.0,"[""mainGameOrder161"", ""mainGameOrder162"", ""mainGameOrder163""]",3,53.0,1.269461,True,34.0,0.313872,0.198235,"[""mainGameOrder161""]",True,True
42,C,False,False,mainGameScenario42,Oakland,4,"[""mainGameOrder165"", ""mainGameOrder166"", ""mainGameOrder167"", ""mainGameOrder168""]","[{""id"": ""mainGameOrder165"", ""store"": ""Sprouts Farmers Market"", ""city"": ""Oakland"", ""earnings"": 20, ""n_unique_items"": 2}, {""id"": ""mainGameOrder166"", ""store"": ""Sprouts Farmers Market"", ""city"": ""Oakland"", ""earnings"": 20, ""n_unique_items"": 2}, {""id"": ""mainGameOrder167"", ""store"": ""Sprouts Farmers Market"", ""city"": ""Oakland"", ""earnings"": 20, ""n_unique_items"": 2}, {""id"": ""mainGameOrder168"", ""store"": ""Sprouts Farmers Market"", ""city"": ""Oakland"", ""earnings"": 19, ""n_unique_items"": 3}]",1,1,compact,3,1,anchored_to_prev_best_city,True,False,False,,,"[""mainGameOrder167""]",1,1.777778,20.0,11.25,Oakland,"[""mainGameOrder165"", ""mainGameOrder167""]",2,1.684211,40.0,0.093567,0.052632,1.5,"[""mainGameOrder165"", ""mainGameOrder166"", ""mainGameOrder167""]",3,60.0,1.655172,True,40.0,0.122605,0.068966,"[""mainGameOrder167""]",True,True
43,C,False,False,mainGameScenario43,Oakland,4,"[""mainGameOrder169"", ""mainGameOrder170"", ""mainGameOrder171"", ""mainGameOrder172""]","[{""id"": ""mainGameOrder169"", ""store"": ""Safeway"", ""city"": ""Piedmont"", ""earnings"": 24, ""n_unique_items"": 2}, {""id"": ""mainGameOrder170"", ""store"": ""Target"", ""city"": ""Emeryville"", ""earnings"": 14, ""n_unique_items"": 3}, {""id"": ""mainGameOrder171"", ""store"": ""Target"", ""city"": ""Emeryville"", ""earnings"": 18, ""n_unique_items"": 2}, {""id"": ""mainGameOrder172"", ""store"": ""Target"", ""city"": ""Emeryville"", ""earnings"": 20, ""n_unique_items"": 3}]",2,2,dispersed,3,1,random_fair_target_city,True,False,False,,,"[""mainGameOrder171"", ""mainGameOrder172""]",2,1.366906,38.0,27.8,Emeryville,"[""mainGameOrder170"", ""mainGameOrder171"", ""mainGameOrder172""]",3,1.336761,52.0,0.030146,0.022054,9.0,"[""mainGameOrder170"", ""mainGameOrder171"", ""mainGameOrder172""]",3,52.0,1.336761,True,14.0,0.030146,0.022054,"[""mainGameOrder171"", ""mainGameOrder172""]",True,True
44,C,False,False,mainGameScenario44,Emeryville,4,"[""mainGameOrder173"", ""mainGameOrder174"", ""mainGameOrder175"", ""mainGameOrder176""]","[{""id"": ""mainGameOrder173"", ""store"": ""Target"", ""city"": ""Emeryville"", ""earnings"": 19, ""n_unique_items"": 3}, {""id"": ""mainGameOrder174"", ""store"": ""Target"", ""city"": ""Emeryville"", ""earnings"": 15, ""n_unique_items"": 2}, {""id"": ""mainGameOrder175"", ""store"": ""Target"", ""city"": ""Emeryville"", ""earnings"": 17, ""n_unique_items"": 2}, {""id"": ""mainGameOrder176"", ""store"": ""Target"", ""city"": ""Emeryville"", ""earnings"": 20, ""n_unique_items"": 2}]",1,1,compact,3,1,anchored_to_prev_best_city,True,False,False,,,"[""mainGameOrder174"", ""mainGameOrder176""]",2,1.489362,35.0,23.5,Emeryville,"[""mainGameOrder174"", ""mainGameOrder175"", ""mainGameOrder176""]",3,1.477273,52.0,0.012089,0.008117,3.6,"[""mainGameOrder173"", ""mainGameOrder175"", ""mainGameOrder176""]",3,56.0,1.281465,True,21.0,0.207897,0.139588,"[""mainGameOrder174"", ""mainGameOrder176""]",True,True
45,C,False,False,mainGameScenario45,Emeryville,4,"[""mainGameOrder177"", ""mainGameOrder178"", ""mainGameOrder179"", ""mainGameOrder180""]","[{""id"": ""mainGameOrder177"", ""store"": ""Target"", ""city"": ""Emeryville"", ""earnings"": 19, ""n_unique_items"": 3}, {""id"": ""mainGameOrder178"", ""store"": ""Berkeley Bowl"", ""city"": ""Berkeley"", ""earnings"": 17, ""n_unique_items"": 2}, {""id"": ""mainGameOrder179"", ""store"": ""Berkeley Bowl"", ""city"": ""Berkeley"", ""earnings"": 18, ""n_unique_items"": 3}, {""id"": ""mainGameOrder180"", ""store"": ""Target"", ""city"": ""Emeryville"", ""earnings"": 20, ""n_unique_items"": 2}]",2,2,dispersed,3,1,random_fair_target_city,True,False,False,,,"[""mainGameOrder177"", ""mainGameOrder180""]",2,1.373239,39.0,28.4,Emeryville,"[""mainGameOrder180""]",1,1.360544,20.0,0.012695,0.009245,1.2,"[""mainGameOrder177"", ""mainGameOrder180""]",2,39.0,1.373239,False,0,0,0,"[""mainGameOrder177"", ""mainGameOrder180""]",True,True
46,C,False,False,mainGameScenario46,Emeryville,4,"[""mainGameOrder181"", ""mainGameOrder182"", ""mainGameOrder183"", ""mainGameOrder184""]","[{""id"": ""mainGameOrder181"", ""store"": ""Target"", ""city"": ""Emeryville"", ""earnings"": 20, ""n_unique_items"": 3}, {""id"": ""mainGameOrder182"", ""store"": ""Target"", ""city"": ""Emeryville"", ""earnings"": 15, ""n_unique_items"": 3}, {""id"": ""mainGameOrder183"", ""store"": ""Target"", ""city"": ""Emeryville"", ""earnings"": 15, ""n_unique_items"": 2}, {""id"": ""mainGameOrder184"", ""store"": ""Target"", ""city"": ""Emeryville"", ""earnings"": 22, ""n_unique_items"": 3}]",1,1,compact,3,1,anchored_to_prev_best_city,True,False,False,,,"[""mainGameOrder181"", ""mainGameOrder184""]",2,1.573034,42.0,26.7,Emeryville,"[""mainGameOrder181"", ""mainGameOrder183"", ""mainGameOrder184""]",3,1.544715,57.0,0.028318,0.018002,9.9,"[""mainGameOrder181"", ""mainGameOrder183"", ""mainGameOrder184""]",3,57.0,1.544715,True,15.0,0.028318,0.018002,"[""mainGameOrder181"", ""mainGameOrder184""]",True,True
47,C,False,False,mainGameScenario47,Emeryville,4,"[""mainGameOrder185"", ""mainGameOrder186"", ""mainGameOrder187"", ""mainGameOrder188""]","[{""id"": ""mainGameOrder185"", ""store"": ""Sprouts Farmers Market"", ""city"": ""Oakland"", ""earnings"": 17, ""n_unique_items"": 2}, {""id"": ""mainGameOrder186"", ""store"": ""Sprouts Farmers Market"", ""city"": ""Oakland"", ""earnings"": 21, ""n_unique_items"": 3}, {""id"": ""mainGameOrder187"", ""store"": ""Safeway"", ""city"": ""Piedmont"", ""earnings"": 20, ""n_unique_items"": 3}, {""id"": ""mainGameOrder188"", ""store"": ""Safeway"", ""city"": ""Piedmont"", ""earnings"": 16, ""n_unique_items"": 2}]",2,2,dispersed,3,1,random_fair_target_city,True,False,False,,,"[""mainGameOrder185"", ""mainGameOrder186""]",2,1.178295,38.0,32.25,Oakland,"[""mainGameOrder187"", ""mainGameOrder188""]",2,1.014085,36.0,0.16421,0.139362,2.25,"[""mainGameOrder185"", ""mainGameOrder186""]",2,38.0,1.178295,False,0,0,0,"[""mainGameOrder185"", ""mainGameOrder186""]",True,True
48,C,False,False,mainGameScenario48,Oakland,4,"[""mainGameOrder189"", ""mainGameOrder190"", ""mainGameOrder191"", ""mainGameOrder192""]","[{""id"": ""mainGameOrder189"", ""store"": ""Sprouts Farmers Market"", ""city"": ""Oakland"", ""earnings"": 12, ""n_unique_items"": 3}, {""id"": ""mainGameOrder190"", ""store"": ""Sprouts Farmers Market"", ""city"": ""Oakland"", ""earnings"": 19, ""n_unique_items"": 2}, {""id"": ""mainGameOrder191"", ""store"": ""Sprouts Farmers Market"", ""city"": ""Oakland"", ""earnings"": 13, ""n_unique_items"": 2}, {""id"": ""mainGameOrder192"", ""store"": ""Sprouts Farmers Market"", ""city"": ""Oakland"", ""earnings"": 24, ""n_unique_items"": 2}]",1,1,compact,3,1,anchored_to_prev_best_city,True,False,False,,,"[""mainGameOrder192""]",1,2.133333,24.0,11.25,Oakland,"[""mainGameOrder190"", ""mainGameOrder192""]",2,1.773196,43.0,0.360137,0.168814,2.25,"[""mainGameOrder190"", ""mainGameOrder191"", ""mainGameOrder192""]",3,56.0,1.513514,True,32.0,0.61982,0.290541,"[""mainGameOrder192""]",True,True
49,C,False,False,mainGameScenario49,Oakland,4,"[""mainGameOrder193"", ""mainGameOrder194"", ""mainGameOrder195"", ""mainGameOrder196""]","[{""id"": ""mainGameOrder193"", ""store"": ""Target"", ""city"": ""Emeryville"", ""earnings"": 15, ""n_unique_items"": 2}, {""id"": ""mainGameOrder194"", ""store"": ""Safeway"", ""city"": ""Piedmont"", ""earnings"": 17, ""n_unique_items"": 2}, {""id"": ""mainGameOrder195"", ""store"": ""Safeway"", ""city"": ""Piedmont"", ""earnings"": 20, ""n_unique_items"": 2}, {""id"": ""mainGameOrder196"", ""store"": ""Safeway"", ""city"": ""Piedmont"", ""earnings"": 21, ""n_unique_items"": 3}]",2,2,dispersed,3,1,random_fair_target_city,True,False,False,,,"[""mainGameOrder194"", ""mainGameOrder195""]",2,1.380597,37.0,26.8,Piedmont,"[""mainGameOrder195""]",1,1.324503,20.0,0.056094,0.04063,2.8,"[""mainGameOrder194"", ""mainGameOrder195"", ""mainGameOrder196""]",3,58.0,1.321185,True,21.0,0.059413,0.043034,"[""mainGameOrder194"", ""mainGameOrder195""]",True,True
50,C,False,False,mainGameScenario50,Piedmont,4,"[""mainGameOrder197"", ""mainGameOrder198"", ""mainGameOrder199"", ""mainGameOrder200""]","[{""id"": ""mainGameOrder197"", ""store"": ""Safeway"", ""city"": ""Piedmont"", ""earnings"": 16, ""n_unique_items"": 2}, {""id"": ""mainGameOrder198"", ""store"": ""Safeway"", ""city"": ""Piedmont"", ""earnings"": 12, ""n_unique_items"": 2}, {""id"": ""mainGameOrder199"", ""store"": ""Safeway"", ""city"": ""Piedmont"", ""earnings"": 12, ""n_unique_items"": 3}, {""id"": ""mainGameOrder200"", ""store"": ""Safeway"", ""city"": ""Piedmont"", ""earnings"": 14, ""n_unique_items"": 2}]",1,1,compact,3,1,anchored_to_prev_best_city,True,False,False,,,"[""mainGameOrder197"", ""mainGameOrder198"", ""mainGameOrder200""]",3,1.368078,42.0,30.7,Piedmont,"[""mainGameOrder198"", ""mainGameOrder200""]",2,1.340206,26.0,0.027872,0.020373,4.2,"[""mainGameOrder197"", ""mainGameOrder198"", ""mainGameOrder200""]",3,42.0,1.368078,False,0,0,0,"[""mainGameOrder197"", ""mainGameOrder198"", ""mainGameOrder200""]",True,True
